origin,region,alpha,beta,F,share2003,g_2012_2024,g_2015_2024,g_2012_2014,contrib
Rumanía,Europa,0.31430438447856757,0.3946799661545225,26.99291429982771,0.04173701868921161,-2.328293454445202,-1.2039627377860325,-1.1243307166591698,0.12404964382821908
Colombia,America,0.21042141742305812,0.6816436737182675,14.942105845516522,0.07854798270369787,2.3372243639167305,2.4104433307632998,-0.073218966846569,0.14343242800125838
Reino Unido,Europa,0.13966183084602507,-0.5159583684946333,6.123571654279571,0.05258142464359686,-0.6605815245872372,-0.020029139576266793,-0.6405523850109706,-0.07205969038428854
Perú,America,0.10339395367767715,-0.04756213280888708,60.05087557297386,0.0220727704364046,3.2029796691085686,3.3442532993113288,-0.14127363020276018,-0.0049176369564536
Alemania,Europa,0.1004574784665778,-0.53976277793229,12.061262792146254,0.057360315403156455,-0.3815308110162647,-0.04378421466618101,-0.33774659635008364,-0.05422320764119323
Ucrania,Europa,0.050611017406390735,-0.2420822227604845,0.7601871010947513,0.012789028718159906,2.980442760743459,2.922315615011246,0.05812714573221262,-0.01225202758990864
Venezuela,America,0.04655154480826157,1.5514288078058067,2.0673335158655903,0.02528918012136481,6.349274390535946,6.303462809521529,0.045811581014416396,0.07222140766339984
Rusia,Europa,0.044219689762661135,-0.015244881982015429,5.596134951093677,0.008597885200033914,2.497781221384799,2.0567725575825877,0.4410086638022117,-0.0006741239517131049
Resto_America,America,0.03641410974722852,0.42333511555447173,3.115864956380479,0.025491151996705465,4.725657199196987,4.499899029495266,0.22575816970172125,0.015415371357656202
Cuba,America,0.02572070926418569,0.5249719601199732,3.5763675430425965,0.019905584961422463,2.008153703393827,1.84162648128147,0.16652722211235682,0.013502651158095513
República Dominicana,America,0.01854883491430975,0.5062827767379358,5.2306649585153355,0.017888894272113952,1.0247642906714967,0.8243309579023985,0.20043333276909794,0.00939095564567031
Bulgaria,Europa,0.017757998496648643,0.6730087327817967,6.537870846023816,0.016167137025956565,-1.3017924369275722,-0.6505590829915154,-0.6512333539360566,0.011951288064970554
Pakistán,Asia,0.013541633864892917,0.9376704222978638,0.5583182260662202,0.006609052700427563,2.7491523870613035,2.7598735453129297,-0.010721158251626506,0.012697589544697194
Resto_Asia,Asia,0.00980857580087039,-0.540344679121828,0.11959416550602696,0.0217293879676845,1.8677257525083613,1.7219620958751394,0.14576365663322183,-0.005300011743763439
Bolivia,America,0.009772188910940957,-1.1596173030851533,5.368563024999137,0.009252552658034666,0.021959680586464136,0.7488545621154602,-0.726894881528996,-0.011331999350143994
Polonia,Europa,0.008666680751809252,1.5400811094500633,4.22706079424421,0.007569857438742263,-0.9529981199247972,-0.13052522100884034,-0.8224728989159565,0.0133473913074959
China,Asia,0.005875726056953955,0.6435078985452285,0.7768528170160748,0.015470682283402575,0.9907224364369459,0.8151924996574739,0.17552993677947193,0.003781076127337881
Argelia,Africa,0.004566711704112599,-0.30876123493660246,1.034967026330347,0.013021584040890977,0.9336790456479782,0.9202148687300886,0.01346417691788945,-0.0014100235453612423
Ecuador,America,0.004501632512749004,-1.2124232521890341,0.1022012822896049,0.11735716621649447,-0.0035581128326861236,0.1240643504960458,-0.12762246332873195,-0.005457883931267041
Chile,America,0.0006549723320658373,-3.942217235502918,0.019646870372463206,0.011799760177323433,0.4697957298296037,0.6815079039211661,-0.21171217409156232,-0.002582043216247484
Brasil,America,0.0004309253809021907,11.455408115419278,0.0054482702443853625,0.014519870156611474,1.2537173364476235,1.6234697920794143,-0.36975245563179077,0.004936426105527098
Nigeria,Africa,0.00012583153412892593,13.105582830653308,0.016347892253128417,0.00501144608229067,-0.1251963746223565,0.019999999999999997,-0.14519637462235652,0.0016490955932348173
Oceania_otros,Otros,-1.479153954627394e-05,-13.250182918770014,0.0017152470988781446,0.0016875401218492993,0.6210299659070518,0.6038040552664633,0.01722591064058855,0.00019599060463835013
Resto_Africa,Africa,-0.001123863382122879,-19.910809062982832,0.010455494365240021,0.025502961446687903,0.8961791455914132,0.9755764527083186,-0.07939730711690532,0.022377029214326757
Portugal,Europa,-0.0019779637077628888,4.9071916765280195,0.09788011462046703,0.021754520899698405,-0.6695293904764557,-0.1644697465306293,-0.5050596439458264,-0.009706247043208547
Senegal,Africa,-0.002366817372139204,-8.089165168337928,0.026791403990655778,0.005512893496929543,2.758486213336263,2.7553004504009664,0.0031857629352960576,0.019145576646525556
Italia,Europa,-0.005922304089845425,-3.6110557855777694,0.2270872099329696,0.012404161771296374,1.514622595449663,1.465066887999219,0.049555707450444283,0.02138577044758721
Argentina,America,-0.006557931011696619,-5.29741105594477,0.06277654486826585,0.05803375685856518,0.8941263637928966,1.0367800138792505,-0.142653650086354,0.03474005624548474
Uruguay,America,-0.006950769482104912,0.21905314540920443,3.1543971189456204,0.012270926950981698,0.20469351495410132,0.40469845030105617,-0.2000049353469549,-0.0015225879180693878
Francia,Europa,-0.009276612594915046,1.0758467379344006,6.157823722654592,0.05457540485216991,-0.018687025611434146,0.09725243020107417,-0.11593945581250832,-0.009980213399320526
Paraguay,America,-0.015764497751494213,0.10248865722506342,9.756171379042833,0.0011109967175785176,19.951485418370126,23.23058053965658,-3.279095121286454,-0.0016156822063781735
Marruecos,Africa,-0.03935072115806646,-0.7257443977153785,0.5071051937820847,0.1326961277116314,0.9368788807473855,0.9467528940876864,-0.0098740133403009,0.028558565426526746
Resto_Europa,Europa,-0.07670157605132392,0.738051074739297,10.63131374614988,0.0736809752788847,0.1986996921837692,0.40074056722024276,-0.20204087503647356,-0.056609680638877544
