,exposure_weight,autocorr,2012,2013,2014,2015,2016,2017,2018,2019,2020,2021,2022,2023,2024
Alemania,0.055265796279603964,0.48862784040955487,-0.07841988291127547,-0.21081777341378563,-0.04850894002502257,-0.05580982848455094,-0.041799302113192806,-0.0031621346256381017,-0.0010663625949564218,-0.002021865712219354,-0.012495446842880446,0.029562527384930502,0.02315907279244466,0.006392896546991221,0.013456228982890688
Bulgaria,0.013262453319583664,0.6127142150226562,-0.14927609522204116,-0.32895057219381546,-0.17300668652020004,-0.15433312730610027,-0.11556254799498043,-0.06576014684122793,-0.03350751999400648,-0.008877900769792661,-0.07102320615834129,-0.06120881796557472,-0.044707909572774436,-0.03605476578449551,-0.05952314060422169
Francia,0.05128369905067099,0.6102771221615875,-0.022937103289094058,-0.07179080296506725,-0.02121154955834702,-0.011019130897953748,-0.008305961205557282,0.010131386213325048,0.018842380931244174,0.019641351147410006,0.0024912335212392916,0.02328110435438768,0.01720005326468108,0.010874872386701585,0.014115140485596343
Italia,0.013084919862811399,0.34529206840730503,0.06591153207694561,-0.09298408358558735,0.07662825895908602,0.1261595547309833,0.15921296748364416,0.22983595352016406,0.23711063372717509,0.19849135826579437,-0.01830875891026267,0.07994824724148032,0.21750805585392052,0.1330924714383361,0.10201640464798359
Polonia,0.007496890859421471,0.8551331369318845,-0.21352854114164566,-0.3721748869954798,-0.23676947077883115,-0.2264890595623825,-0.14940597623904955,-0.027521100844033763,0.018800752030081202,0.01312052482099284,-0.04192167686707468,0.02408096323852954,0.08412336493459738,0.10172406896275851,0.07296291851674067
Portugal,0.01667526440093481,0.7767421097464595,-0.12886432916220092,-0.24417131801288922,-0.1320239967707362,-0.10024637055802235,-0.052419859972439906,-0.024302994028645795,-0.0028673635566443495,0.012555154990743705,-0.018359478306863578,-0.003911306599111953,0.0028534443160781148,0.014072352212463288,0.008156674971813539
Rumanía,0.03861221364802,0.6432821152019784,-0.234992817447074,-0.5461061857016412,-0.3432317135104546,-0.27205188850356227,-0.2289057852199022,-0.11905625607614957,-0.062480955352090195,-0.05270833031037335,-0.15978640973925157,-0.12178417516723014,-0.059883628132391134,-0.045504012072493,-0.08180129721258905
Reino Unido,0.05144156244865074,0.35858565842473417,-0.07320598685839663,-0.47263125766641517,-0.0947151404861587,-0.14801292276860528,-0.08366974379056362,0.01118936693406739,0.042949201541057434,0.07239399471341285,0.10996446814514503,0.07056845208958404,-0.02564397887668661,-0.049560314891705586,-0.02020766267197245
Rusia,0.008814561275124973,0.48055052234003426,0.14457279706980347,0.14531238994153695,0.15112347679087132,0.10287384658730718,0.06526026625343383,0.06723251391138974,0.14330492357540325,0.19662604775656828,-0.07776290765654716,0.14862294851024865,0.6135451151651757,0.53750792420934,0.25956187927026836
Ucrania,0.012605881286110029,0.045019125377546085,-0.0004972179472001894,-0.01380371729608145,0.07242808097549426,0.19341778146087368,0.1096957499704037,0.09764413401207529,0.126719545400734,0.11095063336095655,-0.02668402983307683,0.028743932757191903,1.9882798626731384,0.4381673967088907,-0.1446193914999408
Argelia,0.011751938094525082,0.7749432229789074,0.010929470036974165,-0.0024649443062111946,0.004999651187126479,0.008952863753691602,-0.009673743692300537,0.022579820012557265,0.06727437620631119,0.09810943422551915,-0.030928074785480084,0.016115154756644885,0.1688254307838988,0.2050089528637537,0.37395065460549265
Marruecos,0.12621273665923666,0.7547498975763206,-0.004312892353401594,-0.007092311870038177,0.0015311908831388728,0.028688720987812086,0.031356324776767884,0.054392646632635135,0.11179290814452068,0.13734394289639246,0.03649756629645772,0.07667135988462442,0.15157876961624386,0.15170427706568146,0.1667263777865506
Nigeria,0.005642177545918201,0.7869136411702223,-0.036797583081570995,-0.05075528700906345,-0.05764350453172205,-0.03256797583081571,-0.037824773413897284,-0.022356495468277945,0.0051963746223564955,0.02429003021148036,-0.021329305135951663,-0.008157099697885197,0.02797583081570997,0.040906344410876136,0.043867069486404835
Senegal,0.005712447713337504,0.5145174586033536,0.002856201252334395,-0.02098209381522575,0.02131165549818741,0.07574426013402175,0.1223223113259365,0.14709436449522137,0.28435680544875314,0.36087004284301877,0.12841920246072724,0.3014940129627595,0.34917060309787984,0.23272547511809294,0.7531033725145556
Argentina,0.06152721745196908,0.8700277720006591,-0.047679921524839165,-0.05885637062816653,-0.03611735793334829,-0.016222026266220723,0.0028071566842157443,0.02958993597804365,0.06351061553954282,0.12911355418386355,0.048885224859511724,0.1352809504677725,0.23787261352548617,0.22386291892117524,0.18207906998585985
Bolivia,0.009925137265018586,0.8836108036603674,-0.27513417986647465,-0.2632870794606624,-0.18847362220185887,-0.06977353056682811,-0.01803246498232753,0.08502421782955884,0.11094384081686084,0.13182353711218747,-0.014367063751799974,0.04709386045293887,0.16428851943971723,0.18127372692760832,0.1305799188375442
Brasil,0.014306335516383887,0.6604904964514747,-0.13976767950616253,-0.15253070843152386,-0.0774540676941044,0.0313027882630185,0.13324018268649246,0.17357302246042836,0.257262622260224,0.2728410252132385,0.007007153135492482,-0.006152113615982982,0.2866676398823799,0.2450209588955392,0.22270651289858398
Chile,0.012489369716273652,0.8558143882402146,-0.06579757749948675,-0.0939745432149456,-0.05194005337712995,-0.02314719770067748,0.018220078012728392,0.0303839047423527,0.047962430712379385,0.07554916854855266,0.00641552042701704,0.060100595360295626,0.1617481010059536,0.16244097721207143,0.14183432560049272
Colombia,0.08171179916020584,0.7400984366078508,-0.01790285273708558,-0.027586738627602157,-0.027729375481881265,-0.0077756360832690824,0.056811873554356206,0.09727833461835003,0.17765612952968388,0.2836160370084811,0.09550501156515034,0.11237471087124133,0.5837625289128758,0.5431148804934464,0.4680994602929838
Cuba,0.020395671614738875,0.7987328608591269,0.07385490667356283,0.053075132725862145,0.03959718271293183,0.041955063358534765,0.04175730562696807,0.06999102484141351,0.15320139343140088,0.20429894884159605,0.025465110972511674,0.15627424433728343,0.33267414089477765,0.3785387224850541,0.43747052649192997
Ecuador,0.12507553344486966,0.9353670312717106,-0.03975333169919885,-0.044518983912375985,-0.043350147717157124,-0.029600196096138714,-0.017333866577219303,0.001063047488808329,0.009809967360313754,0.0213796395443345,0.0010527266394024229,0.009386812534671603,0.030480048507992206,0.04594326113039103,0.051882909963489994
Paraguay,0.0011622378346484007,0.7175314962052562,-1.1460888525483783,-1.547288089397656,-0.5857181793404197,0.42273098937040066,1.3227037339874625,1.5988007631507222,1.8296538566366858,2.632597437994004,0.5020441537203598,0.30662305805396567,5.115835377487054,4.979013355137639,4.520577814118289
Perú,0.024633088442032713,0.7842770612955099,-0.042980217850577554,-0.051910994046149204,-0.046382418306033416,-0.001001454166323703,0.05337887892007573,0.135086564051911,0.22287156693280655,0.364666502044064,0.11172387302109912,0.1780393448020413,0.799832633687272,0.7751666803852169,0.704488709633166
República Dominicana,0.019082052560576445,0.3407614033618466,0.10225637727034209,0.051610609882018384,0.046566345616737476,0.045956971410193476,0.06752204749733398,0.09465612674983497,0.10306887621240077,0.11459620495285813,0.03238146825329655,0.036731723005569004,0.10125768065406165,0.12705452206442439,0.10110533710242565
Uruguay,0.013155525315323756,0.774055070310869,-0.06492448919159016,-0.07743559372223867,-0.057644852433126045,-0.030303030303030304,-0.0012338367387227322,0.040247754417135524,0.05959431448030796,0.10260586319218241,0.016410028625012337,0.018630934754713255,0.0799279439344586,0.07336393248445365,0.045454545454545456
Venezuela,0.024470223708081575,0.7282942562147724,0.0009579002825805833,-0.018643134249724604,0.06349681498156041,0.17236218209684373,0.3358398390727525,0.5596292925906413,0.8232434503568179,0.8664327793476699,0.22760908089467885,0.3088629723645768,0.9335336941424398,0.9678145505052924,1.1081349681498156
China,0.017334937821519195,0.48425765158190553,0.04605507819381104,0.050165391164784405,0.07930946742087648,0.12900510853183536,0.10988236675735452,0.11446242978215342,0.1319019005304261,0.13104069209841263,-0.08140376974418195,-0.10350159519289112,0.05178994343426435,0.12620618112779158,0.20580924233230902
Pakistán,0.00726051486881817,0.7154223962023472,0.02868138916888115,-0.056125721616420786,0.01672317419591313,0.07266562814991295,0.1468890314304041,0.11532117657839275,0.27435169064418585,0.4418583340969486,0.1611380921836342,0.1735086593970494,0.4119857051223312,0.420874186749748,0.5412810409603226
Resto_Europa,0.07273549076810658,0.5246024357798872,-0.023162246688612442,-0.15533007023470474,-0.02354855811315637,-0.03254057297381713,-0.021945776670899652,0.04013940088851627,0.06302218824873525,0.05524664340578728,-0.007368684938375108,0.06627295778931233,0.10454244699519577,0.06145228437452482,0.07191968010126291
Resto_Africa,0.025862550937838506,0.6458689608372563,-0.0330911163353993,-0.03370853221248605,-0.012597658569019971,0.02866234475552706,0.030728313267317328,0.048265298853031276,0.09421528816698725,0.1367457433924628,0.03344731780294935,0.1126071572748213,0.16128802450666097,0.10116121678421315,0.22845574790434803
Resto_America,0.025316343580828588,0.5506714778022984,0.10598339332169203,0.023745886936792464,0.09602888944323676,0.17757742061936496,0.2754119002648991,0.375740945321502,0.554826984070418,0.7334022308542105,0.24706888564199422,0.21216872765285152,0.744853473979307,0.612772174904672,0.5660762861860471
Resto_Asia,0.02413267544064913,0.5397733865153052,0.06679208472686733,0.029166666666666667,0.04980490523968785,0.09818840579710145,0.1350891861761427,0.15870958751393535,0.20836120401337793,0.22207357859531773,0.007246376811594203,0.058263656633221854,0.22973801560758084,0.23497770345596433,0.369314381270903
Oceania_otros,0.0015607521081678886,0.39618417845521336,0.016867037502242957,-0.0062802799210479095,0.006639153059393504,0.030145343621029965,0.04539745200071774,0.048447873676655304,0.069083079131527,0.09133321370895388,0.0016149291225551767,-0.002691548537591961,0.125785034990131,0.10443208325856809,0.0902565942939171
