h,b,se,F,n,spec
-4,-0.05672045183710358,0.8287308091020184,1.604766682750328,4177.0,cov_w_L1
-3,0.43057918387256955,0.531937168583768,1.604766682750328,4177.0,cov_w_L1
-2,0.14726496512097959,0.2911317987885404,1.604766682750328,4177.0,cov_w_L1
-1,0.0,0.0,,,cov_w_L1
0,-0.25537161161846844,0.5558511671601882,1.604766682750328,4177.0,cov_w_L1
1,-0.21617085025600496,0.7122143425542103,1.604766682750328,4177.0,cov_w_L1
2,0.03669786113957173,0.6176834264116009,1.604766682750328,4177.0,cov_w_L1
3,0.3779597740380702,0.5626924688231774,1.604766682750328,4177.0,cov_w_L1
4,0.9113785352823868,0.6402466014904782,1.604766682750328,4177.0,cov_w_L1
-4,-0.5134306912097378,0.8885229833451864,2.7699263975288715,4177.0,cov_w_L3
-3,0.14935373018301237,0.46612667674850733,2.7699263975288715,4177.0,cov_w_L3
-2,0.027047573431867474,0.33933937893184035,2.7699263975288715,4177.0,cov_w_L3
-1,0.0,0.0,,,cov_w_L3
0,-0.22766384415137406,0.5181527122304584,2.7699263975288715,4177.0,cov_w_L3
1,-0.07408435782606722,0.6181585273960255,2.7699263975288715,4177.0,cov_w_L3
2,0.24118110832895873,0.5102988020925947,2.7699263975288715,4177.0,cov_w_L3
3,0.7175824378329706,0.5125374776045812,2.7699263975288715,4177.0,cov_w_L3
4,1.2614543351411331,0.6907908388896897,2.7699263975288715,4177.0,cov_w_L3
-4,1.4825650424782295,3.204681410358689,0.12249938628287398,4177.0,cov_u_L1
-3,2.146034823462303,5.245305353458135,0.12249938628287398,4177.0,cov_u_L1
-2,1.798515944338068,4.590014321510175,0.12249938628287398,4177.0,cov_u_L1
-1,0.0,0.0,,,cov_u_L1
0,-1.525972712062561,5.157450571338216,0.12249938628287398,4177.0,cov_u_L1
1,-2.037346686576085,7.1902970346829855,0.12249938628287398,4177.0,cov_u_L1
2,-1.6569833043289872,6.491907123320446,0.12249938628287398,4177.0,cov_u_L1
3,-1.0580888972770757,4.937584737189318,0.12249938628287398,4177.0,cov_u_L1
4,-0.08064320380619044,2.5629587574796835,0.12249938628287398,4177.0,cov_u_L1
-4,0.3702086806868167,1.4011253302822018,0.4824656243253397,4177.0,cov_u_L3
-3,1.1641752949750184,1.5480970894960557,0.4824656243253397,4177.0,cov_u_L3
-2,1.034381462753421,1.235588333133938,0.4824656243253397,4177.0,cov_u_L3
-1,0.0,0.0,,,cov_u_L3
0,-0.9503339799909009,1.989592092724941,0.4824656243253397,4177.0,cov_u_L3
1,-1.0267658286611892,2.6031525538395246,0.4824656243253397,4177.0,cov_u_L3
2,-0.39296380951026366,1.9250858688912107,0.4824656243253397,4177.0,cov_u_L3
3,0.3367664052512122,1.1911665181861897,0.4824656243253397,4177.0,cov_u_L3
4,1.258184021656508,1.3348694203012248,0.4824656243253397,4177.0,cov_u_L3
-4,-0.030481657751887412,0.5909072590885773,5.800279176754154,4177.0,min_w_L1
-3,0.17914667168305207,0.39706179834675065,5.800279176754154,4177.0,min_w_L1
-2,0.014171043031868868,0.238762866441401,5.800279176754154,4177.0,min_w_L1
-1,0.0,0.0,,,min_w_L1
0,0.937696429535322,0.2662201468221264,5.800279176754154,4177.0,min_w_L1
1,1.522338339597544,0.42863888017179863,5.800279176754154,4177.0,min_w_L1
2,1.0431188266108842,0.32907140943355206,5.800279176754154,4177.0,min_w_L1
3,0.8768662130270143,0.3861292875081485,5.800279176754154,4177.0,min_w_L1
4,1.0151259838891862,0.5022563491791437,5.800279176754154,4177.0,min_w_L1
-4,-0.24577226838138977,0.5628118580533584,6.844206278170192,4177.0,min_w_L3
-3,0.030307582508327584,0.3575062852835742,6.844206278170192,4177.0,min_w_L3
-2,-0.05257882581251636,0.22446295169012193,6.844206278170192,4177.0,min_w_L3
-1,0.0,0.0,,,min_w_L3
0,1.0152605844187124,0.2692135088672246,6.844206278170192,4177.0,min_w_L3
1,1.657604375671574,0.41025438038331796,6.844206278170192,4177.0,min_w_L3
2,1.1772523198369231,0.3304169414518458,6.844206278170192,4177.0,min_w_L3
3,1.064344040347253,0.4208803770618994,6.844206278170192,4177.0,min_w_L3
4,1.1810000918994394,0.5768529367269586,6.844206278170192,4177.0,min_w_L3
-4,1.7321402579145067,2.688107782209516,0.24975665853277845,4177.0,min_u_L1
-3,2.041100432527949,3.4613659747812466,0.24975665853277845,4177.0,min_u_L1
-2,1.4236669465877905,2.48734179395276,0.24975665853277845,4177.0,min_u_L1
-1,0.0,0.0,,,min_u_L1
0,-0.07127935134517992,1.0505311783794329,0.24975665853277845,4177.0,min_u_L1
1,-0.009915512120671582,1.547322180138559,0.24975665853277845,4177.0,min_u_L1
2,-0.12237370966839577,1.9383943646830897,0.24975665853277845,4177.0,min_u_L1
3,0.06828533596937371,1.6524879076297712,0.24975665853277845,4177.0,min_u_L1
4,0.7792250177645607,1.0827346074381499,0.24975665853277845,4177.0,min_u_L1
-4,0.9057930960396019,0.9807597671517828,0.7977706219058731,4177.0,min_u_L3
-3,1.3561876186890591,1.3070173336808772,0.7977706219058731,4177.0,min_u_L3
-2,0.899226359335621,0.8145539593358387,0.7977706219058731,4177.0,min_u_L3
-1,0.0,0.0,,,min_u_L3
0,0.13815691314363873,0.5778795622570688,0.7977706219058731,4177.0,min_u_L3
1,0.4051258458774989,0.8755815062797926,0.7977706219058731,4177.0,min_u_L3
2,0.5298133007516419,0.878179028841113,0.7977706219058731,4177.0,min_u_L3
3,0.9273685421046334,0.7985896594666573,0.7977706219058731,4177.0,min_u_L3
4,1.5968513702609601,1.225637698052719,0.7977706219058731,4177.0,min_u_L3
