label,group,b,se,F,ar_lo,ar_hi,n
Central specification,baseline,0.12848303135057657,0.10473941102613306,28.955945316650393,-0.08,0.35,9060
without province 02,leave-one-province-out,0.14426358354893604,0.10203650105805269,31.076027939034432,-0.05,0.37,8982
without province 03,leave-one-province-out,0.12929887168799722,0.14285687941701528,66.96855953829944,-0.16,0.4,8579
without province 04,leave-one-province-out,0.13015618244561536,0.10622693883336806,30.129484038407288,-0.08,0.36,8891
without province 06,leave-one-province-out,0.13496280616670067,0.10437195853817309,28.90537340366174,-0.07,0.36,8943
without province 07,leave-one-province-out,0.12113453624738041,0.10718818991143918,26.220697601732358,-0.09,0.35,8748
without province 08,leave-one-province-out,0.1777468256489575,0.10319161498118042,23.165871115590836,-0.03,0.41,7984
without province 09,leave-one-province-out,0.12603126066839554,0.10542991165120491,28.925704082922525,-0.08,0.35,9021
without province 10,leave-one-province-out,0.12914938233094234,0.1052683414589356,28.902738828520977,-0.08,0.36,9008
without province 11,leave-one-province-out,0.14206531724430282,0.10794857900994528,28.41434584222469,-0.07,0.38,8787
without province 12,leave-one-province-out,0.12114530447737545,0.10693164526703286,26.53256911174689,-0.09,0.35,8917
without province 13,leave-one-province-out,0.14174929231392866,0.10458986125155706,28.429335698636347,-0.06,0.37,8904
without province 14,leave-one-province-out,0.1220157792900981,0.10486502747464159,29.03888463903917,-0.09,0.35,8904
without province 15,leave-one-province-out,0.11996943628040402,0.10450231160098378,29.137845687214227,-0.09,0.34,8788
without province 16,leave-one-province-out,0.13021753839961778,0.1048725913159882,28.783986397906823,-0.08,0.36,9034
without province 17,leave-one-province-out,0.13224488805628812,0.10828796274443772,27.868142844381282,-0.08,0.36,8800
without province 18,leave-one-province-out,0.1306394852299545,0.1050528027367806,28.84896333557344,-0.08,0.36,8788
without province 19,leave-one-province-out,0.12815494843263453,0.1049118020998674,28.70997585589444,-0.08,0.35,8995
without province 21,leave-one-province-out,0.1307024144452277,0.10721428772637819,29.345422630274854,-0.08,0.36,8878
without province 22,leave-one-province-out,0.12706196334889333,0.10434132593612215,28.884274397339,-0.08,0.35,8995
without province 23,leave-one-province-out,0.13440279346552525,0.10386078021224089,28.834078956704907,-0.07,0.36,8865
without province 24,leave-one-province-out,0.13308752390223136,0.10484138997925832,28.955913099777554,-0.07,0.36,8982
without province 25,leave-one-province-out,0.12560445429361033,0.10534262749714701,28.838222175609438,-0.08,0.35,8995
without province 26,leave-one-province-out,0.12240521954190217,0.10514688437192313,28.786836599378546,-0.09,0.35,8995
without province 27,leave-one-province-out,0.1294745161338707,0.1054749176333901,28.987574549896618,-0.08,0.36,8982
without province 28,leave-one-province-out,0.0297524207545776,0.10790847805236466,18.97838608998266,-0.23,0.24,8397
without province 29,leave-one-province-out,0.13950315018690349,0.10440800735236658,24.671917780232548,-0.06,0.38,8813
without province 30,leave-one-province-out,0.15733588832414602,0.10147957112727445,30.97936794992296,-0.03,0.38,8657
without province 32,leave-one-province-out,0.13235077573994247,0.10546570395826013,29.094912891840345,-0.07,0.36,8995
without province 33,leave-one-province-out,0.12259556162049302,0.10430929227595903,28.884817753706617,-0.08,0.35,8813
without province 35,leave-one-province-out,0.13773453315110207,0.11275542637521828,25.04145252494245,-0.09,0.38,8774
without province 36,leave-one-province-out,0.1266054633628468,0.1034305882087674,30.469496385005733,-0.08,0.35,8746
without province 37,leave-one-province-out,0.1281285952899081,0.10480574228328866,28.847776879784355,-0.08,0.35,9008
without province 38,leave-one-province-out,0.09850933275989858,0.10469858580190486,27.52701559176655,-0.12,0.32,8800
without province 39,leave-one-province-out,0.13072242911361454,0.10481205921528516,29.072466885230153,-0.08,0.36,8930
without province 41,leave-one-province-out,0.13080132667098818,0.10571344864215358,28.3964297753808,-0.08,0.36,8566
without province 43,leave-one-province-out,0.13030906548838556,0.10590271693333349,28.31081481164558,-0.08,0.36,8865
without province 44,leave-one-province-out,0.12842981357510175,0.10468982260260541,28.942250055969875,-0.08,0.35,9034
without province 45,leave-one-province-out,0.1292103740744661,0.1050074018498527,28.291283640170107,-0.08,0.36,8904
without province 46,leave-one-province-out,0.07946468574634818,0.09854176717728497,26.145929959318288,-0.12,0.28,8382
without province 47,leave-one-province-out,0.12731374161345926,0.10447933730409391,28.895920904775778,-0.08,0.35,9008
without province 49,leave-one-province-out,0.12863260118060435,0.10474159553340298,28.974132309753372,-0.08,0.35,9034
without province 50,leave-one-province-out,0.13488357305720708,0.10531943658851652,28.836829647764578,-0.07,0.36,8969
without AND,leave-one-region-out,0.16844409303118874,0.1133585891494591,24.38461378594024,-0.04,0.44,7072
without ARA,leave-one-region-out,0.1333960424354687,0.10485489176645378,28.746827455900164,-0.07,0.36,8878
without AST,leave-one-region-out,0.12259556162049302,0.10430929227595903,28.884817753706617,-0.08,0.35,8813
without BAL,leave-one-region-out,0.12113453624738041,0.10718818991143918,26.220697601732358,-0.09,0.35,8748
without CAN,leave-one-region-out,0.1028985042321125,0.11150879046375596,23.144102408844912,-0.13,0.34,8514
without CANT,leave-one-region-out,0.13072242911361454,0.10481205921528516,29.072466885230153,-0.08,0.36,8930
without CAT,leave-one-region-out,0.18549259485916286,0.10902624788524362,21.10631356125066,-0.03,0.43,7464
without CLM,leave-one-region-out,0.15969041637789125,0.10287315089781923,29.490486120831033,-0.03,0.39,8579
without CYL,leave-one-region-out,0.1292175109319528,0.10534445338411244,28.77390520547886,-0.08,0.36,8813
without EXT,leave-one-region-out,0.13568792874416025,0.10491681570390197,28.852854494939532,-0.07,0.36,8891
without GAL,leave-one-region-out,0.12174149961812648,0.10454113594175005,30.704196837946984,-0.08,0.35,8331
without MAD,leave-one-region-out,0.0297524207545776,0.10790847805236466,18.97838608998266,-0.23,0.24,8397
without MUR,leave-one-region-out,0.15733588832414602,0.10147957112727445,30.97936794992296,-0.03,0.38,8657
without RIO,leave-one-region-out,0.12240521954190217,0.10514688437192313,28.786836599378546,-0.09,0.35,8995
without VAL,leave-one-region-out,0.053000186083409874,0.14619045498176816,51.24698603196744,-0.26,0.33,7758
without Madrid and Barcelona provinces,territory,0.08745424711914583,0.10627391339989234,15.395268178978418,-0.18,0.3,7321
without Balearic and Canary Islands,territory,0.10050020192027842,0.11546169746184543,20.59395176670198,-0.15,0.34,8202
without coastal municipalities,territory,0.055509109590562114,0.22684849388837597,14.616208554960874,-0.72,0.39,5264
without FUA core cities,territory,-0.11662568798847296,0.23099366391640627,28.22714636327935,-0.63,0.34,6840
without largest municipality of each province,territory,0.05047749883876355,0.11597829468610907,34.0863444242384,-0.19,0.29,8475
"without Almería, Murcia, Huelva (agricultural SE)",territory,0.16192690186312383,0.10646795624576688,32.875637255504344,-0.04,0.4,8306
without Catalan rent-control municipalities,policy,0.18497506698405686,0.10621222409775337,21.798126439672462,-0.03,0.42,7698
without 2020-2021,period,0.13248574547180422,0.10467238869662578,30.662361253666838,-0.08,0.35,7666
without 2024,period,0.11418259820848678,0.12004376953405517,38.387198609945536,-0.12,0.36,8363
2015-2024 only (inflow years),period,0.23789985801939367,0.10722907215565922,14.364635583907964,0.07,0.59,6972
2012-2019 only,period,0.1331102145398224,0.1691719473554735,59.39422048190215,-0.23,0.45,5573
2020-2024 only,period,0.12309030753920039,0.087031418269037,6.483873491566479,-0.02,0.61,3487
instrument without Alemania,leave-one-origin-out,0.13037248602141105,0.11180316251717035,24.24461454342071,-0.1,0.37,9060
instrument without Bulgaria,leave-one-origin-out,0.11886532023046695,0.10290832891750505,28.20471313589182,-0.08,0.34,9060
instrument without Francia,leave-one-origin-out,0.11389366655623526,0.10342964351743657,28.217075200696684,-0.09,0.33,9060
instrument without Italia,leave-one-origin-out,0.10517305297884744,0.10407136486710267,28.574751799578785,-0.1,0.32,9060
instrument without Polonia,leave-one-origin-out,0.12564125070696924,0.10503040750756615,28.842641753330764,-0.08,0.35,9060
instrument without Portugal,leave-one-origin-out,0.13030439179700817,0.1051555198273574,28.731089799420158,-0.08,0.36,9060
instrument without Rumanía,leave-one-origin-out,0.04990699901117835,0.0997238131442347,14.593178324693604,-0.18,0.27,9060
instrument without Reino Unido,leave-one-origin-out,0.22759736039263642,0.11794483192386619,25.984386702995078,0.01,0.5,9060
instrument without Rusia,leave-one-origin-out,0.13013718599092017,0.11045836273678565,30.403514862766535,-0.09,0.37,9060
instrument without Ucrania,leave-one-origin-out,0.13921029041966473,0.1082742489499392,33.79849242243059,-0.07,0.37,9060
instrument without Argelia,leave-one-origin-out,0.1270281372194701,0.1056264179485336,28.811572790241726,-0.08,0.35,9060
instrument without Marruecos,leave-one-origin-out,0.20371487414392941,0.10883114367695985,28.5247630008094,0.01,0.46,9060
instrument without Nigeria,leave-one-origin-out,0.1326605011129711,0.10526510951739068,28.755060409076936,-0.07,0.36,9060
instrument without Senegal,leave-one-origin-out,0.12509485452848562,0.1074012389590231,29.8620803079644,-0.09,0.36,9060
instrument without Argentina,leave-one-origin-out,0.12091476535247733,0.10701500047525923,31.083442574214846,-0.09,0.35,9060
instrument without Bolivia,leave-one-origin-out,0.12963039146693217,0.10606380973119653,28.442223467930372,-0.08,0.36,9060
instrument without Brasil,leave-one-origin-out,0.1270376691362547,0.10477830031965625,29.03343130977998,-0.08,0.35,9060
instrument without Chile,leave-one-origin-out,0.12853879415428934,0.10502662149000844,29.17602691280944,-0.08,0.35,9060
instrument without Colombia,leave-one-origin-out,0.06067149806216515,0.13552173241421053,23.10404645091824,-0.25,0.32,9060
instrument without Cuba,leave-one-origin-out,0.12737220964285698,0.10738526618172721,28.36353070180986,-0.08,0.36,9060
instrument without Ecuador,leave-one-origin-out,0.16377807812304834,0.09203662307514661,39.18388801442288,-0.01,0.37,9060
instrument without Paraguay,leave-one-origin-out,0.13703278418020085,0.09875463993808582,27.524788183027187,-0.05,0.36,9060
instrument without Perú,leave-one-origin-out,0.13782148126885962,0.11892073102879469,23.72311866105691,-0.11,0.39,9060
instrument without República Dominicana,leave-one-origin-out,0.12941936982498226,0.10196422678084055,29.101407585408705,-0.07,0.35,9060
instrument without Uruguay,leave-one-origin-out,0.1267957777663455,0.10486608321210128,28.99679562004369,-0.08,0.35,9060
instrument without Venezuela,leave-one-origin-out,0.09737603274921726,0.10368220778025876,33.639967405466415,-0.12,0.3,9060
instrument without China,leave-one-origin-out,0.12556387214167158,0.10302759120380042,28.72761019058354,-0.08,0.35,9060
instrument without Pakistán,leave-one-origin-out,0.1270857216367099,0.10392540022433894,28.782355362364438,-0.08,0.35,9060
instrument without Resto_Europa,leave-one-origin-out,0.11072802783668326,0.10802848034265265,29.524488464482825,-0.1,0.35,9060
instrument without Resto_Africa,leave-one-origin-out,0.1290757068854322,0.10443371587923787,28.51341488648924,-0.08,0.35,9060
instrument without Resto_America,leave-one-origin-out,0.15270562486624273,0.1036575311720633,28.044658378157717,-0.05,0.38,9060
instrument without Resto_Asia,leave-one-origin-out,0.13520356355090768,0.10157416349452988,28.816511912120042,-0.06,0.35,9060
instrument without Oceania_otros,leave-one-origin-out,0.1284866989882919,0.10477361797222508,28.927591687971788,-0.08,0.35,9060
instrument without cont:Europa,leave-one-continent-out,0.4774429701160156,0.7218985090129774,1.7782129930643793,-inf,inf,9060
instrument without cont:Africa,leave-one-continent-out,0.20527939970941464,0.11249472765095371,28.52537748626391,-0.0,0.47,9060
instrument without cont:America,leave-one-continent-out,0.08429029351220506,0.1484272195903268,20.79539170065117,-0.29,0.35,9060
instrument without cont:Asia,leave-one-continent-out,0.13048319610743764,0.09894871110716079,28.46179903722813,-0.07,0.34,9060
