episode,outcome,w,k,b,se
ColPer_2016,yR,w,-5,0.0033913723358605903,0.00215231690849789
ColPer_2016,yR,w,-4,-0.00034140128944347154,0.0016640532700469472
ColPer_2016,yR,w,-3,-0.0003934044140236043,0.0009105972249041612
ColPer_2016,yR,w,-2,4.216135373149272e-05,0.0005285619829957119
ColPer_2016,yR,w,0,0.0012752966335856412,0.0007183566896367347
ColPer_2016,yR,w,1,0.00273825263955163,0.0013823219114582623
ColPer_2016,yR,w,2,0.005592377364063431,0.002348409065183225
ColPer_2016,yR,w,3,0.008420592019682226,0.002783452477332069
ColPer_2016,yR,w,4,0.006893436146581969,0.0025280794592243564
ColPer_2016,yR,w,5,0.005947637557091616,0.0025930881365828313
ColPer_2016,yR,w,6,0.0062478188313936575,0.002572373908672156
ColPer_2016,yR,w,7,0.0069745798326248274,0.0027905339683936587
ColPer_2016,yR,w,8,0.007752366565431258,0.0028978300558421097
ColPer_2016,yR,unw,-5,0.0012422477552488523,0.002087314092472367
ColPer_2016,yR,unw,-4,-0.00218153418621285,0.0016854969714434245
ColPer_2016,yR,unw,-3,-0.0012262761710134175,0.0012413261544501244
ColPer_2016,yR,unw,-2,-0.0006637247700666041,0.0007319784692360573
ColPer_2016,yR,unw,0,0.00018410285811192853,0.0009400643577221344
ColPer_2016,yR,unw,1,0.0006899643860702148,0.001954787612815666
ColPer_2016,yR,unw,2,0.0023303335772659963,0.0024087144123772692
ColPer_2016,yR,unw,3,0.0049491396673918015,0.0030666824215549926
ColPer_2016,yR,unw,4,0.0028279396991916375,0.003107934176819274
ColPer_2016,yR,unw,5,0.002615240223498861,0.0030372493582886376
ColPer_2016,yR,unw,6,0.0025962348118222047,0.0030111647231454183
ColPer_2016,yR,unw,7,0.002729503041888661,0.0029751121600646775
ColPer_2016,yR,unw,8,0.003318329293838733,0.002997980395830661
ColPer_2016,yF,w,-5,-0.27905156753929544,0.299993717097831
ColPer_2016,yF,w,-4,-0.36253820200628645,0.25090516265273916
ColPer_2016,yF,w,-3,-0.3295265830177926,0.2771183415031004
ColPer_2016,yF,w,-2,-0.05076331543456228,0.09413075370017132
ColPer_2016,yF,w,0,0.13333886636257322,0.0969992109030185
ColPer_2016,yF,w,1,0.6045443368058847,0.17883469535302357
ColPer_2016,yF,w,2,0.687845508112421,0.1840061956995927
ColPer_2016,yF,w,3,0.823131240364841,0.261451944896731
ColPer_2016,yF,w,4,1.068740178195058,0.36015708467680946
ColPer_2016,yF,w,5,0.9406597306444646,0.4177270129277558
ColPer_2016,yF,w,6,0.9197790057336651,0.3139522295909896
ColPer_2016,yF,w,7,1.2313255058985744,0.38296345135222953
ColPer_2016,yF,w,8,1.7219867779058164,0.525087409473181
ColPer_2016,yF,unw,-5,-0.1395557038164628,0.40737041920316414
ColPer_2016,yF,unw,-4,-0.25950282808337594,0.35002775326582647
ColPer_2016,yF,unw,-3,0.10721215347442328,0.3078885889550832
ColPer_2016,yF,unw,-2,0.047068015519387656,0.09333758321678583
ColPer_2016,yF,unw,0,-0.05904293558657897,0.09974811431275787
ColPer_2016,yF,unw,1,0.6082854637384129,0.2663744995518971
ColPer_2016,yF,unw,2,0.7273990792375612,0.30738789428592084
ColPer_2016,yF,unw,3,0.8468334795786397,0.39527006598907116
ColPer_2016,yF,unw,4,1.1409092360911062,0.5136989678302918
ColPer_2016,yF,unw,5,1.0400892842831717,0.5082978671641593
ColPer_2016,yF,unw,6,0.9748272626869029,0.5197868647782349
ColPer_2016,yF,unw,7,1.2248843123367756,0.5879392396762789
ColPer_2016,yF,unw,8,1.6200518305272562,0.7132066643993858
Venezuela_2017,yR,w,-6,0.00793900760630575,0.005922445326967321
Venezuela_2017,yR,w,-5,0.0029644678211381828,0.00452354800501083
Venezuela_2017,yR,w,-4,0.0017956731142368368,0.00464649026702737
Venezuela_2017,yR,w,-3,0.0016150140730349484,0.0014698186910888011
Venezuela_2017,yR,w,-2,0.003349151723002461,0.0014047845018114362
Venezuela_2017,yR,w,0,-0.0011049933980603437,0.0006517815153458692
Venezuela_2017,yR,w,1,0.0012876715666208921,0.0025073531555688177
Venezuela_2017,yR,w,2,0.0007637749981445742,0.001925621946961906
Venezuela_2017,yR,w,3,0.004856096864910017,0.001482837087738431
Venezuela_2017,yR,w,4,0.003831082355190524,0.0015930778578574127
Venezuela_2017,yR,w,5,0.004371887619457795,0.0021316622495801646
Venezuela_2017,yR,w,6,0.0056260964106650746,0.002466534749038279
Venezuela_2017,yR,w,7,0.00575097670384082,0.002842787996756746
Venezuela_2017,yR,unw,-6,0.011201435774903025,0.005007610686786961
Venezuela_2017,yR,unw,-5,0.006469200794254389,0.0040242207788236395
Venezuela_2017,yR,unw,-4,0.003632736358115526,0.004611728263232468
Venezuela_2017,yR,unw,-3,0.0015587905727317763,0.0013553170554928041
Venezuela_2017,yR,unw,-2,0.0039986090528601375,0.0008954560405794077
Venezuela_2017,yR,unw,0,-0.002107559569722838,0.000923451242990701
Venezuela_2017,yR,unw,1,0.0015164849572027964,0.0018112765048125805
Venezuela_2017,yR,unw,2,0.00228003789240695,0.0016631498321582744
Venezuela_2017,yR,unw,3,0.006342398508182839,0.0020805786108138813
Venezuela_2017,yR,unw,4,0.006110550843437927,0.0018722976423072213
Venezuela_2017,yR,unw,5,0.00717570727712078,0.002732128359235146
Venezuela_2017,yR,unw,6,0.008845060084769452,0.002426454948889656
Venezuela_2017,yR,unw,7,0.009382207780305043,0.0025620924027107738
Venezuela_2017,yF,w,-6,0.11397495563869844,0.23712597297735888
Venezuela_2017,yF,w,-5,-0.14781658060220906,0.18114776065628502
Venezuela_2017,yF,w,-4,-0.1348468904052115,0.21548756010500406
Venezuela_2017,yF,w,-3,-0.12088918647154638,0.08307395529881921
Venezuela_2017,yF,w,-2,-0.05263823509122561,0.0720001342421994
Venezuela_2017,yF,w,0,0.06160624846738107,0.054574005782774944
Venezuela_2017,yF,w,1,0.04733241859660447,0.11440220568357745
Venezuela_2017,yF,w,2,0.1803759627214122,0.1898217036466588
Venezuela_2017,yF,w,3,0.20169817584556407,0.2889160534171137
Venezuela_2017,yF,w,4,0.10423846661390303,0.32609604293852823
Venezuela_2017,yF,w,5,0.2880517149841006,0.2911917134451734
Venezuela_2017,yF,w,6,0.3002235323010043,0.36286842002029
Venezuela_2017,yF,w,7,0.3269720246853463,0.4746129514562432
Venezuela_2017,yF,unw,-6,0.029752182325460078,0.3592461967219415
Venezuela_2017,yF,unw,-5,-0.2803979679290738,0.2929353833127676
Venezuela_2017,yF,unw,-4,-0.21866606589635215,0.329699714993976
Venezuela_2017,yF,unw,-3,-0.15263073220767456,0.20220068299323427
Venezuela_2017,yF,unw,-2,0.008015478292952436,0.0914145385592956
Venezuela_2017,yF,unw,0,-0.044260820404025014,0.11117511550699076
Venezuela_2017,yF,unw,1,0.015802768198440526,0.184100646744925
Venezuela_2017,yF,unw,2,0.20343813915432793,0.2572163552512209
Venezuela_2017,yF,unw,3,0.2893346075363105,0.3075809957528975
Venezuela_2017,yF,unw,4,0.15563481902712586,0.28467049783778764
Venezuela_2017,yF,unw,5,0.12993397401550813,0.32663823492367206
Venezuela_2017,yF,unw,6,0.14755903928101696,0.3901701618929642
Venezuela_2017,yF,unw,7,0.19142797909439432,0.43406030891184094
Ucrania_2022,yR,w,-11,0.010400632173242642,0.004227744551665905
Ucrania_2022,yR,w,-10,0.005971296011482558,0.00605469066802419
Ucrania_2022,yR,w,-9,0.007346935058479928,0.007058253062535669
Ucrania_2022,yR,w,-8,0.007825776910870264,0.006419813506677879
Ucrania_2022,yR,w,-7,0.006723637946984101,0.005634686405845057
Ucrania_2022,yR,w,-6,0.0054288766574358965,0.005031806485172894
Ucrania_2022,yR,w,-5,0.004481689016838224,0.004684124723614205
Ucrania_2022,yR,w,-4,0.002046600359844752,0.0034838645499798747
Ucrania_2022,yR,w,-3,-0.00022561276099766937,0.0026629009101405785
Ucrania_2022,yR,w,-2,-0.00034238399343686725,0.002353750770430426
Ucrania_2022,yR,w,0,-0.0004354729533115484,0.0010330994316281755
Ucrania_2022,yR,w,1,0.00018714151769158173,0.0017211935961946472
Ucrania_2022,yR,w,2,0.0016494695346053391,0.002241048433240619
Ucrania_2022,yR,unw,-11,0.008991864414293883,0.004523781517220557
Ucrania_2022,yR,unw,-10,0.0030606976204502387,0.0054494531878192315
Ucrania_2022,yR,unw,-9,0.006797574098842278,0.005841599154548326
Ucrania_2022,yR,unw,-8,0.006879704986331432,0.005302429415667496
Ucrania_2022,yR,unw,-7,0.007828107861756068,0.005310735171896837
Ucrania_2022,yR,unw,-6,0.009097863699106016,0.004881812590410351
Ucrania_2022,yR,unw,-5,0.009222176516539242,0.0036484065351500236
Ucrania_2022,yR,unw,-4,0.005004096372704423,0.0025418448439852273
Ucrania_2022,yR,unw,-3,0.0018219357476555315,0.002206952507630081
Ucrania_2022,yR,unw,-2,-0.0001113967956591356,0.0014073233460464001
Ucrania_2022,yR,unw,0,-0.0024554408685267745,0.001004581617186866
Ucrania_2022,yR,unw,1,-0.002240040917255493,0.0013714082436285706
Ucrania_2022,yR,unw,2,-0.000766846850322138,0.0016451696475808229
Ucrania_2022,yF,w,-11,1.9882951733705765,1.0456771323039957
Ucrania_2022,yF,w,-10,2.306954299361703,1.1244864497107543
Ucrania_2022,yF,w,-9,2.341634116216424,1.3505519908414776
Ucrania_2022,yF,w,-8,2.0819806452716616,0.9364460434284154
Ucrania_2022,yF,w,-7,1.7104505219912984,0.8457955929534072
Ucrania_2022,yF,w,-6,1.1828196906686408,0.6400777856119912
Ucrania_2022,yF,w,-5,1.2306188783079228,0.635706473856553
Ucrania_2022,yF,w,-4,0.6889855930414319,0.38787242278007716
Ucrania_2022,yF,w,-3,0.4624454577428838,0.2751991735558245
Ucrania_2022,yF,w,-2,0.4638487197695762,0.1746987896568128
Ucrania_2022,yF,w,0,-0.31973913718237507,0.34791444550727746
Ucrania_2022,yF,w,1,0.31592985651009553,0.2501453710264503
Ucrania_2022,yF,w,2,0.9997079531093032,0.7652101636687262
Ucrania_2022,yF,unw,-11,1.0249325656226236,0.6597233042586346
Ucrania_2022,yF,unw,-10,1.1298303563987433,0.6842737276261471
Ucrania_2022,yF,unw,-9,0.8360096081998246,0.8447627656483349
Ucrania_2022,yF,unw,-8,0.9863452557705512,0.5793562811050393
Ucrania_2022,yF,unw,-7,0.6248828300441985,0.5467179340975951
Ucrania_2022,yF,unw,-6,0.4588583177007425,0.49220656550892655
Ucrania_2022,yF,unw,-5,0.37719145648778646,0.4052683651896862
Ucrania_2022,yF,unw,-4,0.18716739760882775,0.3373874720809223
Ucrania_2022,yF,unw,-3,0.02476919430598686,0.26250166568073097
Ucrania_2022,yF,unw,-2,0.08154586443881835,0.11834378464766658
Ucrania_2022,yF,unw,0,-0.23606734569002236,0.3170017015065157
Ucrania_2022,yF,unw,1,0.439631541695607,0.4137559151054106
Ucrania_2022,yF,unw,2,0.8632250247180077,0.7513783283719572
